{
  "training": {
    "mae": 8.207633018493652,
    "rmse": 10.496828599369014,
    "r2": 0.47688740491867065
  },
  "validation": {
    "mae": 9.413015365600586,
    "rmse": 11.944161518698817,
    "r2": 0.3255589008331299
  },
  "test": {
    "mae": 9.24858570098877,
    "rmse": 11.677540171543312,
    "r2": 0.333257794380188
  }
}