{
  "training": {
    "mae": 8.588299751281738,
    "rmse": 10.980505922540246,
    "r2": 0.5041345357894897
  },
  "validation": {
    "mae": 10.018994331359863,
    "rmse": 12.631245192083759,
    "r2": 0.35942232608795166
  },
  "test": {
    "mae": 9.959628105163574,
    "rmse": 12.539605225793593,
    "r2": 0.34066665172576904
  }
}